{
  "scores": {
    "fix_broken_query": 0.05,
    "write_business_query": 0.0,
    "complex_analytics": 0.1
  },
  "average": 0.05000000000000001,
  "elapsed_seconds": 15.217666387557983
}